Workbook

Sheet pivot_table
A1: readmitted | B1: Yes
E2: readmitted | F2: Yes | I2: readmitted | J2: (All) | K2: readmitted | L2: Yes
A3: Row Labels | B3: Count of readmitted
A4: Diabetes | B4: 2 | E4: Row Labels | F4: Count of readmitted | I4: Row Labels | J4: Count of readmitted | K4: Row Labels | L4: Count of readmitted
A5: Heart Failure | B5: 3 | E5: High Risk | F5: 5 | I5: Elevated | J5: 2 | K5: Middle | L5: 1
A6: Hypertension | B6: 1 | E6: Low Risk | F6: 1 | I6: Low Risk | J6: 2 | K6: Senior | L6: 5
A7: Grand Total | B7: 6 | E7: Grand Total | F7: 6 | I7: High | J7: 7 | K7: Grand Total | L7: 6
I8: High Risk | J8: 5
I9: Low Risk | J9: 2
I10: Normal | J10: 1 | K10: readmitted | L10: Yes
I11: Low Risk | J11: 1
I12: Grand Total | J12: 10 | K12: Row Labels | L12: Count of readmitted
K13: Long | L13: 4
K14: High | L14: 4
K15: Senior | L15: 4
K16: Medium | L16: 2
K17: High | L17: 2
K18: Middle | L18: 1
K19: Senior | L19: 1
K20: Grand Total | L20: 6

Sheet healthcare_readmission_analysis
A1: patient_id | B1: age | C1: length_of_stay | D1: previous_admissions | E1: diagnosis | F1: readmitted | G1: admission_date | H1: gender_clean | I1: systolic_bp_clean | J1: cholesterol_clean | K1: age_group | L1: bp_risk_level | M1: stay_category | N1: readmission_risk_flag
A2: P001 | B2: 67 | C2: 9 | D2: 2 | E2: Heart Failure | F2: Yes | G2: 45301 | H2: =IF(LEFT(LOWER(few_raw_columns!A2:A11),1)="m","Male","Female") -> Male | I2: =IF(few_raw_columns!B2=" ",$T$1, few_raw_columns!B2) -> 150 | J2: =IF(few_raw_columns!C2=" ",$T$1, few_raw_columns!C2) -> 240 | K2: =IF(B2<40, "Young", IF(B2<60, "Middle","Senior")) -> Senior | L2: =IF(I2<120, "Normal", IF(I2<140, "Elevated","High")) -> High | M2: =IF(C2<=3, "Short",IF(C2<=7,"Medium","Long")) -> Long | N2: =IF(AND(D2>=2,L2="High"),"High Risk","Low Risk") -> High Risk
A3: P002 | B3: 45 | C3: 4 | D3: 0 | E3: Diabetes | F3: No | G3: 45303 | H3: =IF(LEFT(LOWER(few_raw_columns!A3:A12),1)="m","Male","Female") -> Female | I3: =IF(few_raw_columns!B3=" ",$T$1, few_raw_columns!B3) -> 130 | J3: =IF(few_raw_columns!C3=" ",$T$1, few_raw_columns!C3) -> 210 | K3: =IF(B3<40, "Young", IF(B3<60, "Middle","Senior")) -> Middle | L3: =IF(I3<120, "Normal", IF(I3<140, "Elevated","High")) -> Elevated | M3: =IF(C3<=3, "Short",IF(C3<=7,"Medium","Long")) -> Medium | N3: =IF(AND(D3>=2,L3="High"),"High Risk","Low Risk") -> Low Risk
A4: P003 | B4: 72 | C4: 7 | D4: 3 | E4: Hypertension | F4: Yes | G4: 45306 | H4: =IF(LEFT(LOWER(few_raw_columns!A4:A13),1)="m","Male","Female") -> Male | I4: =IF(few_raw_columns!B4=" ",$T$1, few_raw_columns!B4) -> 165 | J4: =IF(few_raw_columns!C4=" ",$T$1, few_raw_columns!C4) -> 260 | K4: =IF(B4<40, "Young", IF(B4<60, "Middle","Senior")) -> Senior | L4: =IF(I4<120, "Normal", IF(I4<140, "Elevated","High")) -> High | M4: =IF(C4<=3, "Short",IF(C4<=7,"Medium","Long")) -> Medium | N4: =IF(AND(D4>=2,L4="High"),"High Risk","Low Risk") -> High Risk
A5: P004 | B5: 29 | C5: 2 | D5: 0 | E5: Asthma | F5: No | G5: 45309 | H5: =IF(LEFT(LOWER(few_raw_columns!A5:A14),1)="m","Male","Female") -> Female | I5: =IF(few_raw_columns!B5=" ",$T$1, few_raw_columns!B5) -> 118 | J5: =IF(few_raw_columns!C5=" ",$T$1, few_raw_columns!C5) -> 180 | K5: =IF(B5<40, "Young", IF(B5<60, "Middle","Senior")) -> Young | L5: =IF(I5<120, "Normal", IF(I5<140, "Elevated","High")) -> Normal | M5: =IF(C5<=3, "Short",IF(C5<=7,"Medium","Long")) -> Short | N5: =IF(AND(D5>=2,L5="High"),"High Risk","Low Risk") -> Low Risk
A6: P005 | B6: 55 | C6: 5 | D6: 1 | E6: Diabetes | F6: Yes | G6: 45311 | H6: =IF(LEFT(LOWER(few_raw_columns!A6:A15),1)="m","Male","Female") -> Male | I6: 150 | J6: =IF(few_raw_columns!C6=" ",$T$1, few_raw_columns!C6) -> 220 | K6: =IF(B6<40, "Young", IF(B6<60, "Middle","Senior")) -> Middle | L6: =IF(I6<120, "Normal", IF(I6<140, "Elevated","High")) -> High | M6: =IF(C6<=3, "Short",IF(C6<=7,"Medium","Long")) -> Medium | N6: =IF(AND(D6>=2,L6="High"),"High Risk","Low Risk") -> Low Risk
A7: P006 | B7: 61 | C7: 11 | D7: 4 | E7: Heart Failure | F7: Yes | G7: 45313 | H7: =IF(LEFT(LOWER(few_raw_columns!A7:A16),1)="m","Male","Female") -> Female | I7: =IF(few_raw_columns!B7=" ",$T$1, few_raw_columns!B7) -> 170 | J7: =IF(few_raw_columns!C7=" ",$T$1, few_raw_columns!C7) -> 280 | K7: =IF(B7<40, "Young", IF(B7<60, "Middle","Senior")) -> Senior | L7: =IF(I7<120, "Normal", IF(I7<140, "Elevated","High")) -> High | M7: =IF(C7<=3, "Short",IF(C7<=7,"Medium","Long")) -> Long | N7: =IF(AND(D7>=2,L7="High"),"High Risk","Low Risk") -> High Risk
A8: P007 | B8: 38 | C8: 3 | D8: 1 | E8: Hypertension | F8: No | G8: 45316 | H8: =IF(LEFT(LOWER(few_raw_columns!A8:A17),1)="m","Male","Female") -> Male | I8: =IF(few_raw_columns!B8=" ",$T$1, few_raw_columns!B8) -> 142 | J8: =IF(few_raw_columns!C8=" ",$T$1, few_raw_columns!C8) -> 200 | K8: =IF(B8<40, "Young", IF(B8<60, "Middle","Senior")) -> Young | L8: =IF(I8<120, "Normal", IF(I8<140, "Elevated","High")) -> High | M8: =IF(C8<=3, "Short",IF(C8<=7,"Medium","Long")) -> Short | N8: =IF(AND(D8>=2,L8="High"),"High Risk","Low Risk") -> Low Risk
A9: P008 | B9: 80 | C9: 14 | D9: 5 | E9: Heart Failure | F9: Yes | G9: 45319 | H9: =IF(LEFT(LOWER(few_raw_columns!A9:A18),1)="m","Male","Female") -> Female | I9: =IF(few_raw_columns!B9=" ",$T$1, few_raw_columns!B9) -> 180 | J9: =IF(few_raw_columns!C9=" ",$T$1, few_raw_columns!C9) -> 300 | K9: =IF(B9<40, "Young", IF(B9<60, "Middle","Senior")) -> Senior | L9: =IF(I9<120, "Normal", IF(I9<140, "Elevated","High")) -> High | M9: =IF(C9<=3, "Short",IF(C9<=7,"Medium","Long")) -> Long | N9: =IF(AND(D9>=2,L9="High"),"High Risk","Low Risk") -> High Risk
A10: P009 | B10: 50 | C10: 4 | D10: 0 | E10: Asthma | F10: No | G10: 45323 | H10: =IF(LEFT(LOWER(few_raw_columns!A10:A19),1)="m","Male","Female") -> Male | I10: =IF(few_raw_columns!B10=" ",$T$1, few_raw_columns!B10) -> 125 | J10: 240 | K10: =IF(B10<40, "Young", IF(B10<60, "Middle","Senior")) -> Middle | L10: =IF(I10<120, "Normal", IF(I10<140, "Elevated","High")) -> Elevated | M10: =IF(C10<=3, "Short",IF(C10<=7,"Medium","Long")) -> Medium | N10: =IF(AND(D10>=2,L10="High"),"High Risk","Low Risk") -> Low Risk
A11: P010 | B11: 69 | C11: 8 | D11: 2 | E11: Diabetes | F11: Yes | G11: 45327 | H11: =IF(LEFT(LOWER(few_raw_columns!A11:A20),1)="m","Male","Female") -> Female | I11: =IF(few_raw_columns!B11=" ",$T$1, few_raw_columns!B11) -> 160 | J11: =IF(few_raw_columns!C11=" ",$T$1, few_raw_columns!C11) -> 255 | K11: =IF(B11<40, "Young", IF(B11<60, "Middle","Senior")) -> Senior | L11: =IF(I11<120, "Normal", IF(I11<140, "Elevated","High")) -> High | M11: =IF(C11<=3, "Short",IF(C11<=7,"Medium","Long")) -> Long | N11: =IF(AND(D11>=2,L11="High"),"High Risk","Low Risk") -> High Risk

Sheet few_raw_columns
A1: gender | B1: systolic_bp | C1: cholesterol | D1: diagnosis2
A2: M | B2: 150 | C2: 240 | D2: Heart Failure
A3: female | B3: 130 | C3: 210 | D3: Diabetes
A4: MALE | B4: 165 | C4: 260 | D4: Hypertension
A5: F | B5: 118 | C5: 180 | D5: Asthma
A6: male | C6: 220 | D6: Diabetes
A7: FEMALE | B7: 170 | C7: 280 | D7: Heart Failure
A8: M | B8: 142 | C8: 200 | D8: Hypertension
A9: f | B9: 180 | C9: 300 | D9: Heart Failure
A10: MALE | B10: 125 | D10: Asthma
A11: Female | B11: 160 | C11: 255 | D11: Diabetes

Sheet charts
